Title,Organization,Deadline,Status,Location,Source,Link
Build with Gemini XPRIZE,XPRIZE,"May 19 - Aug 17, 2026",about 1 month left,Online,Devpost,https://xprize.devpost.com/?ref_feature=challenge&ref_medium=discover
Global AI Hackathon Series with Qwen Cloud,Alibaba Cloud,"May 26 - Jul 20, 2026",12 days left,Online,Devpost,https://qwencloud-hackathon.devpost.com/?ref_feature=challenge&ref_medium=discover
Slack Agent Builder Challenge,Salesforce,"May 20 - Jul 13, 2026",5 days left,Online,Devpost,https://slackhack.devpost.com/?ref_feature=challenge&ref_medium=discover
Reddit’s Games with a Hook Hackathon,reddit,"Jun 17 - Jul 15, 2026",7 days left,Online,Devpost,https://redditgameswithahook.devpost.com/?ref_feature=challenge&ref_medium=discover
CockroachDB × AWS Hackathon - Build with Agentic Memory,Cockroach Labs,"Jun 30 - Aug 18, 2026",about 1 month left,Online,Devpost,https://cockroachdb-ai.devpost.com/?ref_feature=challenge&ref_medium=discover
Arm Create: AI Optimization Challenge,arm,"Jun 04 - Aug 14, 2026",about 1 month left,Online,Devpost,https://arm-ai-optimization-challenge.devpost.com/?ref_feature=challenge&ref_medium=discover
Backblaze Generative Media Hackathon: Build with Genblaze on B2,Backblaze,"Jun 22 - Aug 03, 2026",26 days left,Online,Devpost,https://backblaze-generative-media.devpost.com/?ref_feature=challenge&ref_medium=discover
Kaya AI India Hackathon 2026,Kaya,"Jun 10 - Jul 10, 2026",2 days left,Online,Devpost,https://kaya-ai-iit-hackathon-2026.devpost.com/?ref_feature=challenge&ref_medium=discover
Africa Deep Tech Challenge 2026,Africa Deep Tech Foundation,"Jun 17 - Aug 25, 2026",about 2 months left,Online,Devpost,https://adtc-2026.devpost.com/?ref_feature=challenge&ref_medium=discover
