Title,Company,Location,Team,Source,Link
Locations,Google,,,Google Careers,
Experience,Google,,,Google Careers,
Skills & qualifications,Google,,,Google Careers,
Degree,Google,,,Google Careers,
Job types,Google,,,Google Careers,
Organizations,Google,,,Google Careers,
Sort by,Google,,,Google Careers,
"Account Representative, Search Ads 360, Retail, LCS",Google,,,Google Careers,
"Field Sales Representative, Financial Services, Google Cloud",Google,,,Google Careers,
"Staff Software Engineer, Cloud Migration",Google,,,Google Careers,
"Account Manager, International CPG, Large Customer Sales (English, Japanese)",Google,,,Google Careers,
"Principal Architect III, Google Cloud",Google,,,Google Careers,
"Technical Solutions Consultant, Android Connectivity and Communication Platforms",Google,,,Google Careers,
"Forward Deployed Engineer IV, GenAI, Google Cloud",Google,,,Google Careers,
"Staff AI Solutions Deployment Developer, Applied AI",Google,,,Google Careers,
"Business and Marketing Data Scientist, Applied Machine Learning",Google,,,Google Careers,
"Account Manager, Large Customer Sales",Google,,,Google Careers,
"Product Support Manager, gUP Platforms and Devices Social and Community",Google,,,Google Careers,
"Research Scientist, Gemini Data, DeepMind",Google,,,Google Careers,
"Staff Software Engineer, AI/ML, YouTube Ads",Google,,,Google Careers,
"Senior Security Engineer, Network Security Engineering",Google,,,Google Careers,
"Product Manager, Google Partner Innovation",Google,,,Google Careers,
Post Silicon Advanced Packaging Engineer,Google,,,Google Careers,
"Senior Network Automation Engineer, Network Infrastructure and Capacity",Google,,,Google Careers,
"Senior Software Engineer, Enterprise AI",Google,,,Google Careers,
"Senior Software Engineer, Site Reliability Engineering, Cloud Storage",Google,,,Google Careers,
"Principal Threat Intelligence Analyst, Google Threat Intelligence Group",Google,,,Google Careers,
